,word,total,mistake_num,percent
0,שלושת,65,12,18.461538461538463
1,גרביים,46,2,4.3478260869565215
2,שתי,491,30,6.109979633401222
